1900,2000000,8000,22
1901,2049999,8199,22
1902,2100000,8400,23
1903,2150000,8600,23
1904,2200000,8800,24
1905,2250000,9000,25
1906,2300000,9200,25
1907,2350000,9400,26
1908,2400000,9600,26
1909,2450000,9800,27
1910,2500000,10000,27
1911,2550000,10200,28
1912,2600000,10400,28
1913,2650000,10600,29
1914,2700000,10800,30
1915,2750000,11000,30
1916,2800000,11200,31
1917,2850000,11400,31
1918,2900000,11600,32
1919,2950000,11800,32
1920,3000000,12000,33
1921,3050000,12200,33
1922,3100000,12400,34
1923,3150000,12600,35
1924,3200000,12800,35
1925,3250000,13000,36
1926,3300000,13200,36
1927,3350000,13400,37
1928,3400000,13600,37
1929,3450000,13800,38
1930,3500000,14000,38
1931,3550000,14200,39
1932,3600000,14400,40
1933,3650000,14600,40
1934,3700000,14800,41
1935,3750000,15000,41
1936,3800000,15200,42
1937,3850000,15400,42
1938,3900000,15600,43
1939,3950000,15800,43
1940,4000000,16000,44
1941,4050000,16200,45
1942,4099999,16399,45
1943,4150000,16600,46
1944,4200000,16800,46
1945,4250000,17000,47
1946,4300000,17200,47
1947,4350000,17400,48
1948,4400000,17600,48
1949,4450000,17800,49
1950,4500000,18000,50
1951,4550000,18200,50
1952,4600000,18400,51
1953,4650000,18600,51
1954,4700000,18800,52
1955,4750000,19000,52
1956,4800000,19200,53
1957,4850000,19400,53
1958,4900000,19600,54
1959,4950000,19800,55
1960,5000000,20000,55
1961,5050000,20200,56
1962,5100000,20400,56
1963,5150000,20600,57
1964,5200000,20800,57
1965,5250000,21000,58
1966,5300000,21200,58
1967,5350000,21400,59
1968,5400000,21600,60
1969,5450000,21800,60
1970,5500000,22000,61
1971,5550000,22200,61
1972,5600000,22400,62
1973,5650000,22600,62
1974,5700000,22800,63
1975,5750000,23000,63
1976,5800000,23200,64
1977,5850000,23400,65
1978,5900000,23600,65
1979,5950000,23800,66
1980,6000000,24000,66
1981,6050000,24200,67
1982,6100000,24400,67
1983,6150000,24600,68
1984,6200000,24800,68
1985,6250000,25000,69
1986,6300000,25200,70
1987,6350000,25400,70
1988,6400000,25600,71
1989,6450000,25800,71
1990,6500000,26000,72
1991,6550000,26200,72
1992,6600000,26400,73
1993,6650000,26600,73
1994,6700000,26800,74
1995,6750000,27000,75
1996,6800000,27200,75
1997,6850000,27400,76
1998,6900000,27600,76
1999,6950000,27800,77
2000,7000000,28000,77
2001,7050000,28200,78
2002,7100000,28400,78
2003,7150000,28600,79
2004,7200000,28800,80
2005,7250000,29000,80
2006,7300000,29200,81
2007,7350000,29400,81
2008,7400000,29600,82
2009,7450000,29800,82
2010,7500000,30000,83
2011,7550000,30200,83
2012,7600000,30400,84
2013,7650000,30600,85
2014,7700000,30800,85
2015,7750000,31000,86
2016,7800000,31200,86
2017,7850000,31400,87
2018,7900000,31600,87
2019,7950000,31800,88
